{
    "MSE": 0.021817535161972046,
    "RMSE": 0.147707600217362,
    "MAE": 0.11686000227928162,
    "R2": 0.9886478185653687,
    "MAPE": 399.1191101074219,
    "Correlation": 0.9943907843407608
}